{"providers":[{"type":"bitmap","file":"betterhud:image_speed_buff.png","ascent":-8417339,"height":16,"chars":["󎀁"]},{"type":"bitmap","file":"betterhud:image_speed_buff.png","ascent":-8417339,"height":16,"chars":["󎀂"]},{"type":"bitmap","file":"betterhud:image_speed_buff.png","ascent":-8417339,"height":16,"chars":["󎀃"]},{"type":"bitmap","file":"betterhud:image_speed_buff.png","ascent":-8417339,"height":16,"chars":["󎀄"]},{"type":"bitmap","file":"betterhud:image_speed_buff.png","ascent":-8417339,"height":16,"chars":["󎀅"]},{"type":"bitmap","file":"betterhud:image_speed_buff.png","ascent":-8417339,"height":16,"chars":["󎀆"]},{"type":"bitmap","file":"betterhud:image_speed_buff.png","ascent":-8417339,"height":16,"chars":["󎀇"]},{"type":"bitmap","file":"betterhud:image_speed_buff.png","ascent":-8417339,"height":16,"chars":["󎀈"]},{"type":"bitmap","file":"betterhud:image_speed_buff.png","ascent":-8417339,"height":16,"chars":["󎀉"]},{"type":"bitmap","file":"betterhud:image_speed_buff.png","ascent":-8417339,"height":16,"chars":["󎀊"]},{"type":"bitmap","file":"betterhud:image_speed_buff.png","ascent":-8417365,"height":16,"chars":["󎀋"]},{"type":"bitmap","file":"betterhud:image_speed_buff.png","ascent":-8417365,"height":16,"chars":["󎀌"]},{"type":"bitmap","file":"betterhud:image_speed_buff.png","ascent":-8417365,"height":16,"chars":["󎀍"]},{"type":"bitmap","file":"betterhud:image_speed_buff.png","ascent":-8417365,"height":16,"chars":["󎀎"]},{"type":"bitmap","file":"betterhud:image_speed_buff.png","ascent":-8417365,"height":16,"chars":["󎀏"]},{"type":"bitmap","file":"betterhud:image_speed_buff.png","ascent":-8417365,"height":16,"chars":["󎀐"]},{"type":"bitmap","file":"betterhud:image_speed_buff.png","ascent":-8417365,"height":16,"chars":["󎀑"]},{"type":"bitmap","file":"betterhud:image_speed_buff.png","ascent":-8417365,"height":16,"chars":["󎀒"]},{"type":"bitmap","file":"betterhud:image_speed_buff.png","ascent":-8417365,"height":16,"chars":["󎀓"]},{"type":"bitmap","file":"betterhud:image_speed_buff.png","ascent":-8417365,"height":16,"chars":["󎀔"]},{"type":"bitmap","file":"betterhud:image_speed_buff.png","ascent":-8417391,"height":16,"chars":["󎀕"]},{"type":"bitmap","file":"betterhud:image_speed_buff.png","ascent":-8417391,"height":16,"chars":["󎀖"]},{"type":"bitmap","file":"betterhud:image_speed_buff.png","ascent":-8417391,"height":16,"chars":["󎀗"]},{"type":"bitmap","file":"betterhud:image_speed_buff.png","ascent":-8417391,"height":16,"chars":["󎀘"]},{"type":"bitmap","file":"betterhud:image_speed_buff.png","ascent":-8417391,"height":16,"chars":["󎀙"]},{"type":"bitmap","file":"betterhud:image_speed_buff.png","ascent":-8417391,"height":16,"chars":["󎀚"]},{"type":"bitmap","file":"betterhud:image_speed_buff.png","ascent":-8417391,"height":16,"chars":["󎀛"]},{"type":"bitmap","file":"betterhud:image_speed_buff.png","ascent":-8417391,"height":16,"chars":["󎀜"]},{"type":"bitmap","file":"betterhud:image_speed_buff.png","ascent":-8417391,"height":16,"chars":["󎀝"]},{"type":"bitmap","file":"betterhud:image_speed_buff.png","ascent":-8417391,"height":16,"chars":["󎀞"]}]}