{"providers":[{"type":"space","advances":{" ":4}},{"type":"bitmap","file":"betterhud:text_minecraft_16_1.png","ascent":-8409067,"height":11,"chars":["!',.:;|¡і"]},{"type":"bitmap","file":"betterhud:text_minecraft_16_2.png","ascent":-8409067,"height":11,"chars":["`"]},{"type":"bitmap","file":"betterhud:text_minecraft_16_3.png","ascent":-8409067,"height":11,"chars":["\"1I[]i¨ІЇї"]},{"type":"bitmap","file":"betterhud:text_minecraft_16_4.png","ascent":-8409067,"height":11,"chars":["%()*-/023456789<"]},{"type":"bitmap","file":"betterhud:text_minecraft_16_5.png","ascent":-8409067,"height":11,"chars":[">\\_{}"]},{"type":"bitmap","file":"betterhud:text_minecraft_16_6.png","ascent":-8409067,"height":11,"chars":["#$&+=?ABCDEFGHJK","LMNOPQRSTUVWXYZ^","abcdefghjklmnopq","rstuvwxyz¥¿åЁЃЄЅ","ЈЌЎЏАБВГДЕЖЗИЙКЛ","МНОПРСТУФХЧШЬЭЯа","бвгдежзийклмнопр","стуфхцчшьэяёѓєѕј"]},{"type":"bitmap","file":"betterhud:text_minecraft_16_7.png","ascent":-8409067,"height":11,"chars":["ќўџ"]},{"type":"bitmap","file":"betterhud:text_minecraft_16_8.png","ascent":-8409067,"height":11,"chars":["@~ØøЂЋЦЩЪЫЮщъыюђ"]},{"type":"bitmap","file":"betterhud:text_minecraft_16_9.png","ascent":-8409067,"height":11,"chars":["ћ"]},{"type":"bitmap","file":"betterhud:text_minecraft_16_10.png","ascent":-8409067,"height":11,"chars":["ЉЊљњ"]},{"type":"bitmap","file":"betterhud:text_minecraft_16_11.png","ascent":-8409067,"height":11,"chars":["æ"]}]}