{"providers":[{"type":"bitmap","file":"betterhud:image_healing_buff.png","ascent":-8409147,"height":8,"chars":["󎀁"]},{"type":"bitmap","file":"betterhud:image_healing_buff.png","ascent":-8409147,"height":8,"chars":["󎀂"]},{"type":"bitmap","file":"betterhud:image_healing_buff.png","ascent":-8409147,"height":8,"chars":["󎀃"]},{"type":"bitmap","file":"betterhud:image_healing_buff.png","ascent":-8409147,"height":8,"chars":["󎀄"]},{"type":"bitmap","file":"betterhud:image_healing_buff.png","ascent":-8409147,"height":8,"chars":["󎀅"]},{"type":"bitmap","file":"betterhud:image_healing_buff.png","ascent":-8409160,"height":8,"chars":["󎀆"]},{"type":"bitmap","file":"betterhud:image_healing_buff.png","ascent":-8409160,"height":8,"chars":["󎀇"]},{"type":"bitmap","file":"betterhud:image_healing_buff.png","ascent":-8409160,"height":8,"chars":["󎀈"]},{"type":"bitmap","file":"betterhud:image_healing_buff.png","ascent":-8409160,"height":8,"chars":["󎀉"]},{"type":"bitmap","file":"betterhud:image_healing_buff.png","ascent":-8409160,"height":8,"chars":["󎀊"]}]}