{"providers":[{"type":"bitmap","file":"betterhud:image_slot5.png","ascent":-8409070,"height":7,"chars":["󎀁"]},{"type":"bitmap","file":"betterhud:image_slot5.png","ascent":-8409070,"height":7,"chars":["󎀂"]},{"type":"bitmap","file":"betterhud:image_slot5.png","ascent":-8409070,"height":7,"chars":["󎀃"]},{"type":"bitmap","file":"betterhud:image_slot5.png","ascent":-8409070,"height":7,"chars":["󎀄"]},{"type":"bitmap","file":"betterhud:image_slot5.png","ascent":-8409070,"height":7,"chars":["󎀅"]}]}