{"providers":[{"type":"bitmap","file":"betterhud:image_skill_background.png","ascent":-8409045,"height":24,"chars":["󎀁"]},{"type":"bitmap","file":"betterhud:image_warp.png","ascent":-8409047,"height":20,"chars":["󎀂"]},{"type":"bitmap","file":"betterhud:image_out_of_mana.png","ascent":-8409045,"height":24,"chars":["󎀃"]},{"type":"bitmap","file":"betterhud:image_skill_background.png","ascent":-8409045,"height":24,"chars":["󎀄"]},{"type":"bitmap","file":"betterhud:image_warp.png","ascent":-8409047,"height":20,"chars":["󎀅"]},{"type":"bitmap","file":"betterhud:image_out_of_mana.png","ascent":-8409045,"height":24,"chars":["󎀆"]},{"type":"bitmap","file":"betterhud:image_skill_background.png","ascent":-8409045,"height":24,"chars":["󎀇"]},{"type":"bitmap","file":"betterhud:image_warp.png","ascent":-8409047,"height":20,"chars":["󎀈"]},{"type":"bitmap","file":"betterhud:image_out_of_mana.png","ascent":-8409045,"height":24,"chars":["󎀉"]},{"type":"bitmap","file":"betterhud:image_skill_background.png","ascent":-8409045,"height":24,"chars":["󎀊"]},{"type":"bitmap","file":"betterhud:image_warp.png","ascent":-8409047,"height":20,"chars":["󎀋"]},{"type":"bitmap","file":"betterhud:image_out_of_mana.png","ascent":-8409045,"height":24,"chars":["󎀌"]},{"type":"bitmap","file":"betterhud:image_skill_background.png","ascent":-8409045,"height":24,"chars":["󎀍"]},{"type":"bitmap","file":"betterhud:image_warp.png","ascent":-8409047,"height":20,"chars":["󎀎"]},{"type":"bitmap","file":"betterhud:image_out_of_mana.png","ascent":-8409045,"height":24,"chars":["󎀏"]}]}